Puesto,Empresa,Ubicación,TiempoPublicado
Help Desk (trainee) CABA,EducacionIT,"Comuna 4, Buenos Aires Province, Argentina",2024-04-28 23:16:08.866974
Soporte Técnico - CABA (Part Time),CTL Information Technology,"Buenos Aires, Buenos Aires Province, Argentina",2024-05-26 23:16:08.871971
IT Assistant,Visma Latam HR,Greater Buenos Aires,2024-05-21 23:16:08.872978
Asistente de Sistemas,Hotel Madero,"Buenos Aires, Buenos Aires Province, Argentina",2024-02-28 23:16:08.872978
desarrollador front end,EducacionIT,"Comuna 4, Buenos Aires Province, Argentina",2024-05-21 23:16:08.872978
Analista de Infraestructura,BBVA en Argentina,"Buenos Aires, Buenos Aires Province, Argentina",2024-05-14 23:16:08.872978
Help Desk,"Marval O'Farrell, Mairal","Buenos Aires, Buenos Aires Province, Argentina",2024-04-28 23:16:08.872978
Analista de Backoffice,BBVA en Argentina,"Buenos Aires, Buenos Aires Province, Argentina",2024-04-28 23:16:08.872978
Analista Soporte Junior / CABA Centro,ADN - Recursos Humanos,"Buenos Aires Province, Argentina",2024-05-14 23:16:08.872978
Soporte Técnico Nivel 1,Grupo Abans,Greater Buenos Aires,2024-01-28 23:16:08.872978
Soporte Técnico Informático (CABA),CTL Information Technology,"Buenos Aires, Buenos Aires Province, Argentina",2024-05-26 23:16:08.872978
Analista de Atención a Proveedores Jr,Enta Consulting,"Buenos Aires, Buenos Aires Province, Argentina",2024-05-26 23:16:08.873972
Analista Programador JR,Banco Hipotecario,"Buenos Aires, Buenos Aires Province, Argentina",2024-04-28 23:16:08.873972
Analista Soporte Junior / CABA Centro,ADN - Recursos Humanos,"Buenos Aires Province, Argentina",2024-05-21 23:16:08.873972
Soporte Técnico Nivel 3 (100% Remoto Arg o Chile),SOOFT Technology,"Buenos Aires, Buenos Aires Province, Argentina",2024-02-28 23:16:08.873972
Auxiliar de Mantenimiento Electrónico - UN EZEIZA,Aeropuertos Argentina,"Buenos Aires, Buenos Aires Province, Argentina",2024-05-07 23:16:08.873972
Soporte técnico Junior IT,Camera di Commercio Italiana nella Repubblica Argentina,"Buenos Aires, Buenos Aires Province, Argentina",2024-05-21 23:16:08.873972
Analista de Visualización de Datos,La Caja de Ahorro y Seguro,"Buenos Aires, Buenos Aires Province, Argentina",2024-05-25 23:16:08.873972
Soporte Técnico,Mimo & Co,"Vicente López, Buenos Aires Province, Argentina",2024-05-23 23:16:08.873972
Soporte Técnico - Mesa de Ayuda,Paladini S.A.,"Villa Gobernador Gálvez, Santa Fe, Argentina",2024-05-07 23:16:08.873972
Analista de Sistemas,FIND U,"Martínez, Buenos Aires Province, Argentina",2024-05-21 23:16:08.873972
Atención al Cliente (SOFTWARE),EducacionIT,"Rosario, Santa Fe, Argentina",2024-04-28 23:16:08.873972
Analista de Soporte de Infraestructura,Suizo Argentina,"Comuna 8, Buenos Aires Province, Argentina",2023-11-28 23:16:08.873972
Analista de sistemas para soporte informático,Pro-Selection Capital Humano,"Buenos Aires, Buenos Aires Province, Argentina",2024-05-25 23:16:08.873972
Analista de Soporte de Tecnología en Córdoba,Nobis,"Cordoba, Córdoba, Argentina",2024-05-07 23:16:08.873972
"Soporte Técnico Jr,- Allaria",Allaria,"Buenos Aires, Buenos Aires Province, Argentina",2024-01-28 23:16:08.874969
Analista de Soporte técnico,Synchro Technologies,"Comuna 4, Buenos Aires Province, Argentina",2024-05-07 23:16:08.874969
Desarrollador Front End,EducacionIT,"Vicente López, Buenos Aires Province, Argentina",2024-05-14 23:16:08.874969
Soporte Técnico Jr - Ref: 175/24,Ecosistemas,"Autonomous City of Buenos Aires, Buenos Aires Province, Argentina",2024-04-28 23:16:08.874969
Analista de Soporte Microinformático (Centro de Contactos),Provincia NET,"Comuna 10, Buenos Aires Province, Argentina",2024-05-21 23:16:08.874969
"Data entry de Cobranzas (Palermo, CABA)",Capital Humano,"Buenos Aires, Buenos Aires Province, Argentina",2024-05-21 23:16:08.874969
Data Entry,Baires HR,"Vicente López, Buenos Aires Province, Argentina",2024-05-21 23:16:08.874969
Analista de Cyber Fraude.,ICBC Argentina,"Buenos Aires Province, Argentina",2024-05-14 23:16:08.874969
Soporte Mesa de Ayuda N1,CIDeR,"Autonomous City of Buenos Aires, Buenos Aires Province, Argentina",2024-05-21 23:16:08.874969
Analista de Reportes,TIVIT LATAM,Argentina,2024-01-28 23:16:08.874969
Help Desk IT (CABA),CTL Information Technology,"Buenos Aires, Buenos Aires Province, Argentina",2024-04-30 23:16:08.874969
Administrativo/a para Institución Educativa,Manpower Argentina,"Buenos Aires, Buenos Aires Province, Argentina",2024-05-24 23:16:08.874969
Soporte técnico JR,CDT Soluciones Tecnológicas,"Cordoba, Córdoba, Argentina",2024-04-28 23:16:08.874969
Developer Front End,InvertirOnline.com,Greater Buenos Aires,2024-02-28 23:16:08.874969
Analista de procesamiento de datos,Suizo Argentina,"Buenos Aires, Buenos Aires Province, Argentina",2024-05-27 23:16:08.874969
Problem Solver,SIMPLEX,"Buenos Aires, Buenos Aires Province, Argentina",2024-05-21 23:16:08.874969
Soporte Técnico (Nivel 2),Randstad Argentina,Greater Buenos Aires,2024-04-28 23:16:08.875967
Analista Soporte Junior / CABA Centro,ADN Recursos Humanos,"Buenos Aires Province, Argentina",2024-05-24 23:16:08.875967
Soporte Tecnico N°1,"Libra Leather, Inc.","Rosario, Santa Fe, Argentina",2024-04-28 23:16:08.875967
Soporte Técnico Nivel 1,ADN - Recursos Humanos,"Buenos Aires, Buenos Aires Province, Argentina",2024-05-23 23:16:08.875967
Mesa de ayuda,EducacionIT,"Buenos Aires, Buenos Aires Province, Argentina",2024-05-07 23:16:08.875967
Soporte Técnico Jr. - Mix (On Site & Remoto) 1504,EducacionIT,"Avellaneda, Buenos Aires Province, Argentina",2024-04-28 23:16:08.875967
Analista de Soporte de Infraestructura,Suizo Argentina,"Ramos Mejía, Buenos Aires Province, Argentina",2024-05-07 23:16:08.875967
Analista Mesa de Ayuda,EducacionIT,"Comuna 4, Buenos Aires Province, Argentina",2024-05-14 23:16:08.875967
Analista de Redes y Sistemas IT,TIVIT LATAM,Argentina,2024-05-21 23:16:08.875967
